{
  "agents": {
    "Random": {
      "eta_residual": 0.3029700726960363,
      "porosity_risk": 0.09233785386559834,
      "penetration_depth": 2.451821952719938,
      "angular_distortion": 0.03413169461307493,
      "weld_progress": 0.0,
      "heat_input": 0.7110769711057277,
      "current_fluctuation": 86.47888871128772,
      "safety_violations": 3499.0,
      "episode_return": -97520.95036503606,
      "bead_width": 6.829184986910778,
      "bead_height": 1.475120632532823,
      "spatter_rate": 0.04924171895660543,
      "deposition_rate": 1.1835240100659004,
      "arc_stability": 0.01404679390938812
    },
    "Constant": {
      "eta_residual": 0.00040064780813099063,
      "porosity_risk": 0.01524640364535572,
      "penetration_depth": 3.1431525575447337,
      "angular_distortion": 0.048383999999999996,
      "weld_progress": 0.43484210526315786,
      "heat_input": 1.0079999999999996,
      "current_fluctuation": 0.0,
      "safety_violations": 0.0,
      "episode_return": -8530.57140600329,
      "bead_width": 8.490391236534082,
      "bead_height": 2.015999999999999,
      "spatter_rate": 0.01025077238836979,
      "deposition_rate": 1.2558,
      "arc_stability": 1.0
    },
    "SAC": {
      "eta_residual": 0.00040064780813099063,
      "porosity_risk": 0.01524640364535572,
      "penetration_depth": 3.1431525575447337,
      "angular_distortion": 0.048383999999999996,
      "weld_progress": 0.43484210526315786,
      "heat_input": 1.0079999999999996,
      "current_fluctuation": 0.0,
      "safety_violations": 0.0,
      "episode_return": -8530.57140600329,
      "bead_width": 8.490391236534082,
      "bead_height": 2.015999999999999,
      "spatter_rate": 0.01025077238836979,
      "deposition_rate": 1.2558,
      "arc_stability": 1.0
    },
    "Expert": {
      "eta_residual": 0.04427423627566406,
      "porosity_risk": 0.07126559208665902,
      "penetration_depth": 3.1542067787927683,
      "angular_distortion": 0.04890333408688176,
      "weld_progress": 0.29473684210526313,
      "heat_input": 1.0188194601433698,
      "current_fluctuation": 9.977529429623177,
      "safety_violations": 1677.0,
      "episode_return": -41175.86921457027,
      "bead_width": 8.516910201649317,
      "bead_height": 2.037952713304172,
      "spatter_rate": 0.025379197763793306,
      "deposition_rate": 1.2555525412528077,
      "arc_stability": 0.5092856304495624
    }
  },
  "metrics": [
    "eta_residual",
    "porosity_risk",
    "penetration_depth",
    "angular_distortion",
    "weld_progress",
    "heat_input",
    "current_fluctuation",
    "safety_violations",
    "episode_return",
    "bead_width",
    "bead_height",
    "spatter_rate",
    "deposition_rate",
    "arc_stability"
  ],
  "metric_info": {
    "eta_residual": {
      "lower_better": true,
      "unit": "",
      "display": "eta residual"
    },
    "porosity_risk": {
      "lower_better": true,
      "unit": "",
      "display": "porosity risk"
    },
    "penetration_depth": {
      "lower_better": false,
      "unit": "mm",
      "display": "penetration"
    },
    "angular_distortion": {
      "lower_better": true,
      "unit": "deg",
      "display": "distortion"
    },
    "weld_progress": {
      "lower_better": false,
      "unit": "",
      "display": "weld progress"
    },
    "heat_input": {
      "lower_better": true,
      "unit": "kJ/mm",
      "display": "heat input"
    },
    "current_fluctuation": {
      "lower_better": true,
      "unit": "A",
      "display": "current std"
    },
    "safety_violations": {
      "lower_better": true,
      "unit": "",
      "display": "safety violations"
    },
    "episode_return": {
      "lower_better": false,
      "unit": "",
      "display": "episode return"
    },
    "bead_width": {
      "lower_better": false,
      "unit": "mm",
      "display": "bead width"
    },
    "bead_height": {
      "lower_better": false,
      "unit": "mm",
      "display": "bead height"
    },
    "spatter_rate": {
      "lower_better": true,
      "unit": "",
      "display": "spatter rate"
    },
    "deposition_rate": {
      "lower_better": false,
      "unit": "kg/h",
      "display": "deposition rate"
    },
    "arc_stability": {
      "lower_better": false,
      "unit": "",
      "display": "arc stability"
    }
  },
  "best_agent": "Constant",
  "timestamp": "2026-07-06T09:18:58.787829"
}